{"globallyUniqueId":"h435734C3D89C/438383","id":"438383","name":"contentView","type":"arangosearch","cleanupIntervalStep":2,"commitIntervalMsec":1000,"consolidationIntervalMsec":1000,"consolidationPolicy":{"type":"tier","segmentsBytesFloor":2097152,"segmentsBytesMax":5368709120,"segmentsMax":10,"segmentsMin":1,"minScore":0},"primarySort":[],"primarySortCompression":"lz4","storedValues":[],"writebufferActive":0,"writebufferIdle":64,"writebufferSizeMax":33554432,"links":{"content":{"analyzerDefinitions":[{"name":"pip","type":"pipeline","properties":{"pipeline":[{"type":"text","properties":{"locale":"sr_RS","case":"lower","accent":false,"stemming":true}},{"type":"norm","properties":{"locale":"","case":"lower","accent":false}}]},"features":["frequency","position","norm"]},{"name":"identity","type":"identity","properties":{},"features":["frequency","norm"]},{"name":"text_en","type":"text","properties":{"locale":"en","case":"lower","stopwords":[],"accent":false,"stemming":true},"features":["frequency","position","norm"]}],"analyzers":["identity"],"fields":{"body":{"analyzers":["pip","text_en"]},"title":{"analyzers":["text_en","pip"]}},"includeAllFields":false,"primarySort":[],"primarySortCompression":"lz4","storeValues":"none","storedValues":[],"trackListPositions":false,"version":1},"user":{"analyzerDefinitions":[{"name":"text_en","type":"text","properties":{"locale":"en","case":"lower","stopwords":[],"accent":false,"stemming":true},"features":["frequency","position","norm"]}],"analyzers":["text_en"],"fields":{},"includeAllFields":false,"primarySort":[],"primarySortCompression":"lz4","storeValues":"none","storedValues":[],"trackListPositions":false,"version":1}}}