{"indexes":[],"parameters":{"allowUserKeys":true,"cacheEnabled":false,"cid":"634","computedValues":null,"deleted":false,"globallyUniqueId":"h435734C3D89C/57143","id":"634","internalValidatorType":0,"isDisjoint":false,"isSmart":false,"isSmartChild":false,"isSystem":false,"keyOptions":{"allowUserKeys":true,"type":"traditional","lastValue":0},"minReplicationFactor":1,"name":"options","numberOfShards":1,"planId":"634","replicationFactor":1,"schema":null,"shardKeys":["_key"],"shards":{},"status":3,"syncByRevision":true,"type":2,"usesRevisionsAsDocumentIds":true,"version":9,"waitForSync":false,"writeConcern":1}}