{"indexes":[],"parameters":{"allowUserKeys":true,"cacheEnabled":false,"cid":"494802","computedValues":null,"deleted":false,"globallyUniqueId":"hE6702C1540A1/494802","id":"494802","internalValidatorType":0,"isDisjoint":false,"isSmart":false,"isSmartChild":false,"isSystem":false,"keyOptions":{"allowUserKeys":true,"type":"traditional","lastValue":0},"minReplicationFactor":1,"name":"role","numberOfShards":1,"planId":"494802","replicationFactor":1,"schema":null,"shardKeys":["_key"],"shards":{},"status":3,"syncByRevision":true,"type":2,"usesRevisionsAsDocumentIds":true,"version":9,"waitForSync":false,"writeConcern":1}}