{"indexes":[],"parameters":{"allowUserKeys":true,"cacheEnabled":false,"cid":"552679","computedValues":null,"deleted":false,"globallyUniqueId":"hE6702C1540A1/552679","id":"552679","internalValidatorType":0,"isDisjoint":false,"isSmart":false,"isSmartChild":false,"isSystem":false,"keyOptions":{"allowUserKeys":true,"type":"traditional","lastValue":704299},"minReplicationFactor":1,"name":"term","numberOfShards":1,"planId":"552679","replicationFactor":1,"schema":null,"shardKeys":["_key"],"shards":{},"status":3,"syncByRevision":true,"type":2,"usesRevisionsAsDocumentIds":true,"version":9,"waitForSync":false,"writeConcern":1}}