{"indexes":[],"parameters":{"allowUserKeys":true,"cacheEnabled":false,"cid":"554781","computedValues":null,"deleted":false,"globallyUniqueId":"hE6702C1540A1/554781","id":"554781","internalValidatorType":0,"isDisjoint":false,"isSmart":false,"isSmartChild":false,"isSystem":false,"keyOptions":{"allowUserKeys":true,"type":"traditional","lastValue":857273},"minReplicationFactor":1,"name":"termEdge","numberOfShards":1,"planId":"554781","replicationFactor":1,"schema":null,"shardKeys":["_key"],"shards":{},"status":3,"syncByRevision":true,"type":3,"usesRevisionsAsDocumentIds":true,"version":9,"waitForSync":false,"writeConcern":1}}