{"indexes":[],"parameters":{"allowUserKeys":true,"cacheEnabled":false,"cid":"512929","computedValues":null,"deleted":false,"globallyUniqueId":"hE6702C1540A1/512929","id":"512929","internalValidatorType":0,"isDisjoint":false,"isSmart":false,"isSmartChild":false,"isSystem":false,"keyOptions":{"allowUserKeys":true,"type":"traditional","lastValue":520479},"minReplicationFactor":1,"name":"userRole","numberOfShards":1,"planId":"512929","replicationFactor":1,"schema":null,"shardKeys":["_key"],"shards":{},"status":3,"syncByRevision":true,"type":3,"usesRevisionsAsDocumentIds":true,"version":9,"waitForSync":false,"writeConcern":1}}