{"indexes":[],"parameters":{"allowUserKeys":true,"cacheEnabled":false,"cid":"637","computedValues":null,"deleted":false,"globallyUniqueId":"h435734C3D89C/31082","id":"637","internalValidatorType":0,"isDisjoint":false,"isSmart":false,"isSmartChild":false,"isSystem":false,"keyOptions":{"allowUserKeys":true,"type":"traditional","lastValue":285086},"minReplicationFactor":1,"name":"user","numberOfShards":1,"planId":"637","replicationFactor":1,"schema":{"message":"Schema validation failed.","level":"moderate","type":"json","rule":{"properties":{"name":{"type":"string"},"email":{"type":"string"},"password":{"type":"string"},"status":{"type":"number"}},"additionalProperties":{"type":"string"},"required":["name","email","password","status"]}},"shardKeys":["_key"],"shards":{},"status":3,"syncByRevision":true,"type":2,"usesRevisionsAsDocumentIds":true,"version":9,"waitForSync":false,"writeConcern":1}}